data,model,mse
linear,Linear,0.8065845639670534
linear,Poly2,0.7771936663502366
linear,Poly3,0.7724650788837719
quadratic,Linear,57.74146600550658
quadratic,Poly2,0.7771936663502368
quadratic,Poly3,0.7724650788837718
