model,clean_mse,outlier_mse
Linear,0.8065845639670534,20.707275049564554
Ridge,0.8066280440311353,20.70731959710117
